-- SQL AJUSTADO PARA O DOCKER E PARA O CÓDIGO PHP

SET SQL_MODE="NO_AUTO_VALUE_ON_ZERO";
SET time_zone = "+00:00";

/*!40101 SET @OLD_CHARACTER_SET_CLIENT=@@CHARACTER_SET_CLIENT */;
/*!40101 SET @OLD_CHARACTER_SET_RESULTS=@@CHARACTER_SET_RESULTS */;
/*!40101 SET @OLD_COLLATION_CONNECTION=@@COLLATION_CONNECTION */;
/*!40101 SET NAMES utf8 */;

-- --------------------------------------------------------

--
-- Estrutura da tabela `bigbang_dicas`
--

CREATE TABLE IF NOT EXISTS `bigbang_dicas` (
`codDica` smallint(6) NOT NULL DEFAULT '0',
`dica` varchar(150) DEFAULT NULL,
`pontuacao` int(11) DEFAULT NULL,
`codQuestao` smallint(6) NOT NULL DEFAULT '0',
PRIMARY KEY (`codDica`,`codQuestao`),
KEY `codQuestao` (`codQuestao`)
) ENGINE=MyISAM DEFAULT CHARSET=utf8;

--
-- Extraindo dados da tabela `bigbang_dicas`
--

INSERT INTO `bigbang_dicas` (`codDica`, `dica`, `pontuacao`, `codQuestao`) VALUES
(1, 'Forma ligas metálicas, como o latão e o bronze.', 5, 1),
(1, 'Elemento metálico radioativo da família dos actínios.', 5, 2),
(1, 'Usado nos garimpos para extração do ouro, com o qual forma uma liga conhecida como amálgama.', 5, 3),
(1, 'Utilizado em fogos de artifícios para obter a coloração verde.', 5, 4),
(1, 'Gás de coloração amarelo esverdeado, tóxico e de odor irritante.', 5, 5),
(1, 'Metal precioso usado na confecção de joias.', 5, 6),
(1, 'Seu óxido é conhecido comercialmente como "Cal".', 5, 7),
(1, 'Na forma líquida, é usado como agente refrigerante, em indústrias e laboratórios, garantindo temperaturas de 190 ºC abaixo de zero.', 5, 8),
(1, 'Um de seus alótropos compõem a camada que protege a terra da radiação UV.', 5, 9),
(1, 'Forma uma liga com o carbono conhecida como aço.', 5, 10),
(1, 'Amplamente empregado como semicondutor em circuitos eletrônicos.', 5, 11),
(1, 'Está presente em cerca de dez milhões de compostos que fazem parte de todos os seres vivos.', 5, 12),
(1, 'Não deve ser consumido em excesso por quem sofre de hipertensão.', 5, 13),
(1, 'Metal nobre, amplamente empregado na fabricação de joias.', 5, 14),
(1, 'Gás menos denso que o ar, utilizado em dirigíveis e no enchimento de balões.', 5, 15),
(1, 'Dá nome à série a qual pertence.', 5, 16),
(1, 'Metal alcalino altamente reativo, e radioativo.', 5, 17),
(1, 'Dá nome à série a qual pertence.', 5, 18),
(1, 'Sua descoberta rendeu a Marie Curie, o prêmio Nobel de Química.', 5, 19),
(1, 'Pertence à família dos Halogênios, sendo o menos abundante.', 5, 20),
(1, 'Metal alcalino terroso abundante, presente na clorofila.', 5, 21),
(1, 'Elemento envolvido no maior acidente radiológico do Brasil, que ocorreu em Goiânia, em 1987.', 5, 22),
(1, 'Empregado na fabricação de eletrodos e joias.', 5, 23),
(1, 'Usado nos filamentos de lâmpadas incandescentes.', 5, 24),
(1, 'Presente na composição dos CFC, causadores da destruição da camada de ozônio.', 5, 25),
(1, 'Seus nitratos são empregados como fertilizantes e na fabricação de pólvora.', 5, 26),
(1, 'Metal usado em baterias de celulares e notebooks.', 5, 27),
(1, 'Apresenta pouca tendência a perder ou receber elétrons, praticamente inerte.', 5, 28),
(1, 'Metal presente no mineral Bauxita.', 5, 29),
(1, 'Forma compostos de odor desagradável.', 5, 30),
(1, 'Principal aplicação é na galvanização do aço ou ferro, como metal de sacrifício.', 5, 31),
(1, 'Pertence à família dos halogênios.', 5, 32),
(1, 'Metal presente no contraste radiológico, comercializado como Celobar.', 5, 33),
(1, 'Usado por Rutherford como fonte de partículas alfa.', 5, 34),
(1, 'É o elemento com o maior número de isótopos estáveis.', 5, 35),
(1, 'Metal resistente à corrosão.', 5, 36),
(1, 'É um elemento cisurânico (número atômico menor que 92), artificial.', 5, 37),
(1, 'Metal tóxico, relacionado à contaminação ambiental em Santo Amaro-BA.', 5, 38),
(1, 'Metal de transição empregado no revestimento de peças de automóveis para aumentar a resistência à corrosão e o brilho.', 5, 39),
(1, 'Metal de transição usado em ligas com platina e irídio, e em implantes cirúrgicos.', 5, 40),
(1, 'Gás altamente inflamável.', 5, 41),
(1, 'Seu dióxido é usado como cátodo em pilhas alcalinas e na pilha de Leclanché.', 5, 42),
(1, 'Um dos metais constituintes das resistências de chuveiro.', 5, 43),
(1, 'Gás nobre, raro na atmosfera, encontrado entre os gases vulcânicos.', 5, 44),
(1, 'Ligado ao cálcio e ao oxigênio, forma um dos principais componentes dos dentes e ossos.', 5, 45),
(2, 'Metal de coloração avermelhada.', 3, 1),
(2, 'Último elemento químico natural da tabela periódica, cujas principais reservas brasileiras estão em Caetité e Santa Quitéria.', 3, 2),
(2, 'Utilizado em lâmpadas fluorescentes e termômetros.', 3, 3),
(2, 'Elemento de menor raio atômico do grupo 13.', 3, 4),
(2, 'Utilizado em piscinas para desinfetar a água.', 3, 5),
(2, 'Empregado em filmes fotográficos por ser fotossensível.', 3, 6),
(2, 'Ao ser consumido em excesso pode causar pedras nos rins.', 3, 7),
(2, 'Principal constituinte da atmosfera terrestre, compondo cerca de 78% da mesma.', 3, 8),
(2, 'Essencial para ocorrência de reações de combustão.', 3, 9),
(2, 'Metal presente na hemoglobina.', 3, 10),
(2, 'Segundo elemento mais abundante na crosta terrestre.', 3, 11),
(2, 'A química orgânica estuda seus compostos.', 3, 12),
(2, 'Metal presente na composição do sal de cozinha.', 3, 13),
(2, 'Metal de transição, pouco reativo, brilhante, amarelo e dúctil.', 3, 14),
(2, 'Produto das reações de fusão do hidrogênio que ocorrem no sol.', 3, 15),
(2, 'É um dos elementos do bloco f.', 3, 16),
(2, 'Elemento de maior raio atômico da tabela periódica.', 3, 17),
(2, 'É considerado um metal de terra rara, pela dificuldade da separação do minério onde é encontrado.', 3, 18),
(2, 'Apresenta dois elétrons na camada de valência.', 3, 19),
(2, 'Adicionado ao sal de cozinha para prevenir problemas de tireoide.', 3, 20),
(2, 'Seu hidróxido é utilizado para combater azia estomacal.', 3, 21),
(2, 'Pertence ao grupo dos metais alcalinos.', 3, 22),
(2, 'Utilizado em tratamento provisório para a perna ou coluna.', 3, 23),
(2, 'Localizado no 6º período da tabela periódica.', 3, 24),
(2, 'Elemento de grande eletronegatividade.', 3, 25),
(2, 'Sua falta no organismo pode causar câimbras e paralisias.', 3, 26),
(2, 'Elemento leve e menos denso entre os elementos sólidos.', 3, 27),
(2, 'É o segundo gás nobre mais leve.', 3, 28),
(2, 'Pode ser obtido pela reciclagem de latas de cerveja e refrigerante.', 3, 29),
(2, 'Pertence à família dos calcogênios.', 3, 30),
(2, 'Empregado na fabricação de ligas metálicas como latão e bronze.', 3, 31),
(2, 'Forma um sal com o potássio que é usado como sedativo e como anti-convulsivo no tratamento de epilepsia.', 3, 32),
(2, 'Elemento tóxico do grupo dos alcalinos terrosos.', 3, 33),
(2, 'Pertence à família dos calcogênios.', 3, 34),
(2, 'Pertence à família do carbono.', 3, 35),
(2, 'Utilizado nas indústrias aeronáuticas, aeroespacial e na produção de mísseis.', 3, 36),
(2, 'Faz parte do grupo dos terras raras, e pertence à série dos lantanídeos.', 3, 37),
(2, 'Utilizado em baterias de automóveis.', 3, 38),
(2, 'Um de seus sais era utilizado nos antigos bafômetros para indicar a presença do álcool.', 3, 39),
(2, 'Elemento de maior densidade da tabela periódica.', 3, 40),
(2, 'Considerado o combustível do futuro.', 3, 41),
(2, 'Um de seus sais é utilizado no tratamento da catapora.', 3, 42),
(2, 'Forma uma liga com cobre que compõe as moedas de R$ 0,50 (Ano de 2014).', 3, 43),
(2, 'É um dos produtos da fissão nuclear do urânio.', 3, 44),
(2, 'Presente na molécula de ATP, que tem importância vital na produção de energia nas células.', 3, 45),
(3, 'Usado como condutor em instalações elétricas.', 1, 1),
(3, 'Utilizado na indústria de bombas atômicas e como combustível em usinas nucleares.', 1, 2),
(3, 'Metal líquido em condição ambiente.', 1, 3),
(3, 'Forma ácido conhecido comercialmente com água boricada.', 1, 4),
(3, 'Forma vários sais, inclusive o de cozinha.', 1, 5),
(3, 'Seu símbolo vem do nome em latim "Argentum".', 1, 6),
(3, 'Metal presente na constituição dos ossos e dos dentes.', 1, 7),
(3, 'É utilizado na fabricação de amônia pelo processo Haber-Bosch.', 1, 8),
(3, 'Indispensável na respiração aeróbica.', 1, 9),
(3, 'Quando oxidado, pode ser causador do tétano.', 1, 10),
(3, 'As indústrias de cimento, cerâmica e vidro baseiam-se na química dos silicatos.', 1, 11),
(3, 'Apresenta três formas alotrópicas (diamante, grafite e fulereno).', 1, 12),
(3, 'Seu hidróxido é comercializado  como soda cáustica.', 1, 13),
(3, 'A medida da pureza desse metal é dada em quilates.', 1, 14),
(3, 'É o mais leve dos gases nobres.', 1, 15),
(3, 'Elemento pertencente ao 7º período da tabela periódica.', 1, 16),
(3, 'Seu nome é uma homenagem ao país onde foi descoberto, a França.', 1, 17),
(3, 'Descoberto no mineral chamado lantana.', 1, 18),
(3, 'Seu nome é derivado do latim "radius", raio.', 1, 19),
(3, 'Sólido negro, cujo gás apresenta cor violeta.', 1, 20),
(3, 'Extraído de minérios rochosos como: dolomita, magnesita e serpentina.', 1, 21),
(3, 'Apresenta o segundo maior raio atômico do seu grupo.', 1, 22),
(3, 'Seu nome é o diminutivo de prata em espanhol, por possuir características semelhantes ao desse metal.', 1, 23),
(3, 'É o metal de maior ponto de fusão.', 1, 24),
(3, 'Utilizado nos cremes dentais para prevenção das cáries.', 1, 25),
(3, 'Elemento de menor número atômico do 4º período da tabela.', 1, 26),
(3, 'Metal alcalino de menor raio atômico.', 1, 27),
(3, 'Utilizado nos tubos de néon para emitir coloração laranja-avermelhada.', 1, 28),
(3, 'Comum em utensílios de cozinha.', 1, 29),
(3, 'Seus óxidos estão entre os causadores da chuva ácida.', 1, 30),
(3, 'Utilizado como ânodo na pilha de Daniell e pilhas comerciais.', 1, 31),
(3, 'À temperatura ambiente, encontra-se no estado líquido.', 1, 32),
(3, 'É encontrado no mineral denominado barita.', 1, 33),
(3, 'Descoberto por Marie Curie, seu nome é uma homenagem ao país natal dela, a Polônia.', 1, 34),
(3, 'Está localizado no quarto período.', 1, 35),
(3, 'Por ser considerado fisiologicamente inerte, é utilizado em implantes.', 1, 36),
(3, 'Seu nome é uma homenagem a Prometeu da mitologia grega, quem roubou o fogo do céu e o deu a humanidade.', 1, 37),
(3, 'Devido a sua densidade, é usado para proteção em exames de Raio X.', 1, 38),
(3, 'Usado em processo de galvanização, conhecido como cromação ou cromagem.', 1, 39),
(3, 'Seu nome deriva da palavra osmé, que significa cheiro ou odor, já que forma substâncias de mau cheiro.', 1, 40),
(3, 'Possui três isótopos (prótio, deutério e trítio).', 1, 41),
(3, 'Possui nomenclatura parecida com magnésio, por conta da semelhança com este.', 1, 42),
(3, 'A eletrodeposição deste metal é denominada de niquelação.', 1, 43),
(3, 'Usado em flash fotográfico para fotografias de alta velocidade.', 1, 44),
(3, 'Elemento do 3º período, muito usado na fabricação de fertilizantes.', 1, 45);

-- --------------------------------------------------------

--
-- Estrutura da tabela `bigbang_nivel`
--

CREATE TABLE IF NOT EXISTS `bigbang_nivel` (
`codNivel` smallint(6) NOT NULL,
`nome` enum('INICIANTE','CURIOSO','CIENTISTA') DEFAULT NULL,
PRIMARY KEY (`codNivel`)
) ENGINE=MyISAM DEFAULT CHARSET=utf8;

--
-- Extraindo dados da tabela `bigbang_nivel`
--

INSERT INTO `bigbang_nivel` (`codNivel`, `nome`) VALUES
(1, 'INICIANTE'),
(2, 'CURIOSO'),
(3, 'CIENTISTA');

-- --------------------------------------------------------

--
-- Estrutura da tabela `bigbang_questao`
--

CREATE TABLE IF NOT EXISTS `bigbang_questao` (
`codQuestao` smallint(6) NOT NULL,
`resposta` varchar(30) DEFAULT NULL,
`codNivel` smallint(6) DEFAULT NULL,
PRIMARY KEY (`codQuestao`),
KEY `codNivel` (`codNivel`)
) ENGINE=MyISAM DEFAULT CHARSET=utf8;

--
-- Extraindo dados da tabela `bigbang_questao`
--

INSERT INTO `bigbang_questao` (`codQuestao`, `resposta`, `codNivel`) VALUES
(1, 'cobre', 1),
(2, 'uranio', 1),
(3, 'mercurio', 1),
(4, 'boro', 1),
(5, 'cloro', 1),
(6, 'prata', 1),
(7, 'calcio', 1),
(8, 'nitrogenio', 1),
(9, 'oxigenio', 1),
(10, 'ferro', 1),
(11, 'silicio', 1),
(12, 'carbono', 1),
(13, 'sodio', 1),
(14, 'ouro', 1),
(15, 'helio', 1),
(16, 'actinio', 2),
(17, 'francio', 2),
(18, 'lantanio', 2),
(19, 'radio', 2),
(20, 'iodo', 2),
(21, 'magnesio', 2),
(22, 'cesio', 2),
(23, 'platina', 2),
(24, 'tungstenio', 2),
(25, 'fluor', 2),
(26, 'potassio', 2),
(27, 'litio', 2),
(28, 'neonio', 2),
(29, 'aluminio', 2),
(30, 'enxofre', 2),
(31, 'zinco', 3),
(32, 'bromo', 3),
(33, 'bario', 3),
(34, 'polonio', 3),
(35, 'estanho', 3),
(36, 'titanio', 3),
(37, 'promecio', 3),
(38, 'chumbo', 3),
(39, 'cromo', 3),
(40, 'osmio', 3),
(41, 'hidrogenio', 3),
(42, 'manganes', 3),
(43, 'niquel', 3),
(44, 'criptonio', 3),
(45, 'fosforo', 3);

-- --------------------------------------------------------

--
-- Estrutura da tabela `bigbang_ranking`
--

CREATE TABLE IF NOT EXISTS `bigbang_ranking` (
`codRanking` smallint(6) NOT NULL AUTO_INCREMENT,
`usuario` varchar(50) DEFAULT NULL,
`nivel` enum('INICIANTE','CURIOSO','CIENTISTA') DEFAULT NULL,
`pontuacao` int(11) DEFAULT NULL,
`data_hora` timestamp NULL DEFAULT NULL,
PRIMARY KEY (`codRanking`)
) ENGINE=MyISAM  DEFAULT CHARSET=utf8 AUTO_INCREMENT=967 ;

--
-- Extraindo dados da tabela `bigbang_ranking`
--

INSERT INTO `bigbang_ranking` (`codRanking`, `usuario`, `nivel`, `pontuacao`, `data_hora`) VALUES
(672, 'Breno', 'INICIANTE', 41, '2015-07-05 01:58:36'),
(673, 'Teste', 'INICIANTE', 75, '2015-07-05 20:46:05'),
(674, 'Teste', 'INICIANTE', 75, '2015-07-05 20:46:09'),
(675, 'Teste', 'CIENTISTA', 38, '2015-07-05 21:14:44'),
(676, 'teste', 'INICIANTE', 61, '2015-07-07 19:43:03'),
(677, 'iori', 'INICIANTE', 20, '2015-07-13 13:11:03'),
(678, 'fidi lia', 'INICIANTE', 25, '2015-07-15 21:59:51'),
(679, 'hgfh', 'CURIOSO', 15, '2015-07-15 22:02:31'),
(680, 'kio', 'CIENTISTA', 18, '2015-07-15 22:05:59'),
(681, 'htreetrhg', 'INICIANTE', 25, '2015-07-16 14:16:56'),
(682, 'ktryk', 'INICIANTE', 20, '2015-07-16 14:19:18'),
(683, 'truj', 'INICIANTE', 60, '2015-07-16 14:21:26'),
(684, ' ', 'INICIANTE', 65, '2015-07-16 14:25:09'),
(685, 'kjt', 'CURIOSO', 35, '2015-07-16 14:29:15'),
(686, 'Wagner Anderson', 'INICIANTE', 50, '2015-07-17 13:01:16'),
(687, 'Wagner Rodrigues', 'INICIANTE', 70, '2015-07-17 13:21:57'),
(688, 'Maycon', 'INICIANTE', 15, '2015-07-17 14:10:24'),
(689, 'Maycon', 'CURIOSO', 10, '2015-07-17 14:13:25'),
(690, 'Maycon', 'INICIANTE', 0, '2015-07-17 14:15:46'),
(691, 'kug', 'INICIANTE', 30, '2015-07-17 14:36:37'),
(692, 'Wagner Anderson', 'INICIANTE', 70, '2015-07-17 14:39:35'),
(693, 'Maycon', 'INICIANTE', 60, '2015-07-17 14:42:37'),
(694, 'ajeask', 'INICIANTE', 20, '2015-07-17 14:45:36'),
(695, 'kvjl', 'INICIANTE', 10, '2015-07-17 14:47:56'),
(696, 'Wagner Anderson', 'CURIOSO', 60, '2015-07-17 14:53:07'),
(697, 'July', 'INICIANTE', 25, '2015-07-17 16:35:34'),
(698, 'LQ', 'CURIOSO', 20, '2015-07-17 16:43:32'),
(699, 'eu', 'INICIANTE', 53, '2015-07-17 17:25:46'),
(700, 'Ingrede', 'INICIANTE', 70, '2015-07-17 17:36:13'),
(701, 'Ingrede', 'CURIOSO', 73, '2015-07-17 17:43:01'),
(702, 'Ingrede', 'CIENTISTA', 53, '2015-07-17 17:50:39'),
(703, 'Lucas', 'CIENTISTA', 30, '2015-07-17 18:36:27'),
(704, 'Andrick', 'INICIANTE', 26, '2015-07-17 19:57:25'),
(705, 'g', 'INICIANTE', 10, '2015-07-17 23:06:05'),
(706, 'Fumaça', 'INICIANTE', 10, '2015-07-18 01:24:33'),
(707, 'Andrick', 'INICIANTE', 45, '2015-07-18 02:58:47'),
(708, 'Andrick', 'CURIOSO', 20, '2015-07-18 03:06:55'),
(709, 'iris', 'INICIANTE', 60, '2015-07-18 21:03:44'),
(710, 'quimica', 'INICIANTE', 78, '2015-07-19 00:37:36'),
(711, 'Pâm', 'INICIANTE', 20, '2015-07-19 01:31:20'),
(712, 'Pâm', 'INICIANTE', 49, '2015-07-19 01:39:39'),
(713, 'Pâm', 'INICIANTE', 33, '2015-07-19 01:44:43'),
(714, 'Pâm', 'INICIANTE', 62, '2015-07-19 01:50:18'),
(715, 'Pâm', 'INICIANTE', 62, '2015-07-19 01:54:35'),
(716, 'Pâm', 'INICIANTE', 38, '2015-07-19 01:58:09'),
(717, 'Pâm', 'CURIOSO', 42, '2015-07-19 02:08:59'),
(718, 'Pâm', 'CIENTISTA', 44, '2015-07-19 02:24:44'),
(719, 'Ana ', 'CURIOSO', 40, '2015-07-20 15:54:46'),
(720, 'Ana ', 'CURIOSO', 40, '2015-07-20 15:54:48'),
(721, ':D', 'INICIANTE', 75, '2015-07-23 02:19:00'),
(722, ':D', 'CURIOSO', 65, '2015-07-23 02:25:14'),
(723, ':D', 'CIENTISTA', 48, '2015-07-23 02:34:33'),
(724, 'Rafael', 'INICIANTE', 55, '2015-07-23 19:19:05'),
(725, 'Rafael', 'CIENTISTA', 60, '2015-07-23 19:24:42'),
(726, 'Rafael', 'CURIOSO', 60, '2015-07-23 19:29:48'),
(727, 'rose', 'INICIANTE', 11, '2015-07-23 22:11:41'),
(728, 'rose', 'INICIANTE', 11, '2015-07-23 22:11:42'),
(729, 'Yara Varges', 'INICIANTE', 19, '2015-07-24 22:36:35'),
(730, 'Yara ', 'INICIANTE', 19, '2015-07-24 22:45:18'),
(731, 'Yara', 'INICIANTE', 36, '2015-07-24 22:54:30'),
(732, 'Ranzinza', 'INICIANTE', 58, '2015-07-24 22:56:06'),
(733, 'Ranzinza', 'INICIANTE', 58, '2015-07-24 22:56:08'),
(734, 'Ranzinza', 'CURIOSO', 36, '2015-07-24 22:59:11'),
(735, 'Ranzinza', 'CURIOSO', 36, '2015-07-24 23:03:00'),
(736, 'Sant', 'INICIANTE', 10, '2015-07-25 00:59:18'),
(737, 'rafael', 'INICIANTE', 70, '2015-07-25 17:00:44'),
(738, 'erico', 'CURIOSO', 53, '2015-07-25 17:15:16'),
(739, 'victor', 'INICIANTE', 25, '2015-07-25 18:32:09'),
(740, 'victor', 'INICIANTE', 25, '2015-07-26 13:43:28'),
(741, 'victor', 'INICIANTE', 25, '2015-07-26 13:47:57'),
(742, 'Marilia', 'INICIANTE', 30, '2015-07-26 14:25:23'),
(743, 'leonardo', 'INICIANTE', 20, '2015-07-26 14:59:22'),
(744, 'joao gabriel', 'INICIANTE', 8, '2015-07-26 15:07:38'),
(745, 'Franca Henrique', 'INICIANTE', 58, '2015-07-26 15:20:06'),
(746, 'rene productions', 'INICIANTE', 45, '2015-07-26 15:23:52'),
(747, 'narah', 'INICIANTE', 0, '2015-07-26 15:44:21'),
(748, 'gueu', 'INICIANTE', 53, '2015-07-26 15:54:40'),
(749, 'Kelvin', 'INICIANTE', 16, '2015-07-26 16:16:33'),
(750, 'Ana Paula', 'INICIANTE', 19, '2015-07-26 16:26:27'),
(751, 'adriano', 'INICIANTE', 0, '2015-07-26 16:37:02'),
(752, 'Darling', 'INICIANTE', 17, '2015-07-26 16:44:04'),
(753, 'adriano', 'INICIANTE', 6, '2015-07-26 16:46:09'),
(754, 'negao', 'INICIANTE', 10, '2015-07-26 17:04:21'),
(755, 'joao', 'INICIANTE', 40, '2015-07-26 17:09:31'),
(756, 'pedro henrique', 'INICIANTE', 25, '2015-07-26 17:16:51'),
(757, 'lucas esteves', 'INICIANTE', 15, '2015-07-26 17:27:50'),
(758, 'Vitor', 'INICIANTE', 1, '2015-07-26 17:30:57'),
(759, 'diego', 'INICIANTE', 46, '2015-07-26 17:43:09'),
(760, 'pedro henrique', 'INICIANTE', 6, '2015-07-26 17:46:09'),
(761, 'pedro martins', 'INICIANTE', 26, '2015-07-26 17:52:03'),
(762, 'pedro martins', 'INICIANTE', 15, '2015-07-26 17:59:17'),
(763, 'Igor', 'INICIANTE', 43, '2015-07-26 18:01:17'),
(764, 'Erick Simplicio', 'INICIANTE', 50, '2015-07-26 18:13:09'),
(765, 'Darling', 'INICIANTE', 42, '2015-07-26 19:03:54'),
(766, 'Darling', 'INICIANTE', 59, '2015-07-26 19:08:35'),
(767, 'Darling', 'CURIOSO', 28, '2015-07-26 19:14:39'),
(768, 'Darling', 'INICIANTE', 50, '2015-07-26 19:17:52'),
(769, 'Darling', 'INICIANTE', 78, '2015-07-26 19:22:21'),
(770, 'Janiel', 'INICIANTE', 25, '2015-07-27 22:51:33'),
(771, 'CiLa ', 'INICIANTE', 47, '2015-07-30 02:54:53'),
(772, 'CiLa ', 'INICIANTE', 47, '2015-07-30 02:55:10'),
(773, 'CiLa ', 'INICIANTE', 47, '2015-07-30 02:55:11'),
(774, 'DDD', 'INICIANTE', 15, '2015-07-30 03:28:52'),
(775, 'CiLa ', 'INICIANTE', 43, '2015-07-30 03:35:18'),
(776, 'CiLa ', 'INICIANTE', 48, '2015-07-30 03:48:08'),
(777, 'CiLa', 'INICIANTE', 67, '2015-07-30 23:06:09'),
(778, 'CiLa', 'INICIANTE', 78, '2015-07-30 23:09:17'),
(779, 'CiLa', 'INICIANTE', 48, '2015-07-31 01:14:43'),
(780, 'CiLa', 'INICIANTE', 80, '2015-07-31 01:17:47'),
(781, 'CiLa', 'INICIANTE', 80, '2015-07-31 01:17:49'),
(782, 'CiLa', 'CURIOSO', 48, '2015-07-31 01:26:19'),
(783, 'CiLa', 'CURIOSO', 34, '2015-07-31 01:30:42'),
(784, 'CiLa', 'CURIOSO', 72, '2015-07-31 01:34:41'),
(785, 'CiLa', 'CURIOSO', 68, '2015-07-31 01:53:19'),
(786, 'CiLa', 'CIENTISTA', 42, '2015-07-31 01:58:06'),
(787, 'CiLa', 'CIENTISTA', 44, '2015-07-31 02:03:11'),
(788, 'CiLa', 'CIENTISTA', 72, '2015-07-31 02:12:04'),
(789, 'Noélia', 'INICIANTE', 10, '2015-08-01 15:17:04'),
(790, 'Drika', 'INICIANTE', 36, '2015-08-01 15:26:14'),
(791, 'Clack', 'INICIANTE', 25, '2015-08-04 19:35:53'),
(792, 'Clark', 'INICIANTE', 60, '2015-08-04 19:40:50'),
(793, 'Clark', 'INICIANTE', 40, '2015-08-04 19:44:27'),
(794, 'Kelly', 'INICIANTE', 50, '2015-08-06 00:38:33'),
(795, 'Kelly', 'INICIANTE', 40, '2015-08-06 00:44:42'),
(796, 'Kelly', 'INICIANTE', 30, '2015-08-06 00:50:22'),
(797, 'Kelly', 'INICIANTE', 40, '2015-08-06 00:54:07'),
(798, 'Kelly', 'INICIANTE', 25, '2015-08-06 00:58:43'),
(799, 'Kelly', 'INICIANTE', 33, '2015-08-06 01:09:42'),
(800, 'Kelly', 'INICIANTE', 45, '2015-08-06 01:14:57'),
(801, 'Kelly', 'INICIANTE', 60, '2015-08-06 01:24:56'),
(802, 'Kelly', 'INICIANTE', 60, '2015-08-06 01:32:27'),
(803, 'dsg', 'INICIANTE', 55, '2015-08-06 12:36:15'),
(804, 'Joseane', 'INICIANTE', 35, '2015-08-11 03:06:16'),
(805, 'Joseane', 'CURIOSO', 50, '2015-08-11 03:14:18'),
(806, 'Thaís', 'INICIANTE', 30, '2015-08-14 14:37:15'),
(807, 'Teste', 'CURIOSO', 5, '2015-08-14 14:57:02'),
(808, 'rener', 'INICIANTE', 55, '2015-08-17 06:00:13'),
(809, 'rener', 'INICIANTE', 33, '2015-08-17 06:05:53'),
(810, 'samaia', 'INICIANTE', 10, '2015-08-17 21:58:44'),
(811, 'samaia', 'INICIANTE', 40, '2015-08-17 22:02:57'),
(812, 'samaia', 'INICIANTE', 50, '2015-08-26 17:08:29'),
(813, 'samaia', 'INICIANTE', 50, '2015-08-26 17:08:36'),
(814, 'samaia', 'INICIANTE', 50, '2015-08-26 17:08:51'),
(815, 'Janiel', 'INICIANTE', 55, '2015-09-01 20:42:18'),
(816, 'Janiel', 'CURIOSO', 29, '2015-09-01 20:51:48'),
(817, 'Janiel', 'CIENTISTA', 31, '2015-09-01 21:03:52'),
(818, 'Saulo', 'CIENTISTA', 21, '2015-09-08 01:37:42'),
(819, 'Sas', 'INICIANTE', 54, '2015-09-08 01:43:07'),
(820, 'SAS', 'INICIANTE', 50, '2015-09-08 01:46:28'),
(821, 'SAS', 'INICIANTE', 73, '2015-09-08 01:49:20'),
(822, 'SAS', 'INICIANTE', 73, '2015-09-08 01:52:00'),
(823, 'Axl Henrike', 'INICIANTE', 55, '2015-09-14 12:13:21'),
(824, 'maria', 'INICIANTE', 24, '2015-09-16 14:10:05'),
(825, 'marem', 'INICIANTE', 50, '2015-09-16 14:13:43'),
(826, 'mirim', 'CURIOSO', 44, '2015-09-16 14:17:47'),
(827, 'Hidrogenio', 'INICIANTE', 20, '2015-09-17 01:07:14'),
(828, 'samaia', 'INICIANTE', 80, '2015-10-02 17:53:24'),
(829, 'samaia', 'CURIOSO', 30, '2015-10-02 17:57:59'),
(830, 'samaia', 'CURIOSO', 28, '2015-10-02 18:03:35'),
(831, 'samaia', 'CURIOSO', 40, '2015-10-02 18:05:48'),
(832, 'Gabriela Pereira', 'INICIANTE', 75, '2015-11-05 21:39:01'),
(833, 'Mariana', 'INICIANTE', 49, '2015-11-26 17:51:34'),
(834, 'Mariana', 'CURIOSO', 63, '2015-11-26 18:08:23'),
(835, 'Mariana', 'INICIANTE', 68, '2015-11-26 18:15:18'),
(836, 'Raphaela', 'INICIANTE', 53, '2015-12-03 17:38:14'),
(837, 'João', 'INICIANTE', 65, '2016-01-24 15:42:19'),
(838, 'gustavo', 'CURIOSO', 0, '2016-02-03 20:36:35'),
(839, 'o', 'INICIANTE', 70, '2016-02-27 19:09:23'),
(840, 'o', 'CIENTISTA', 45, '2016-02-27 19:13:17'),
(841, 'l', 'CIENTISTA', 65, '2016-02-27 19:16:08'),
(842, '~g', 'CIENTISTA', 80, '2016-02-27 19:18:45'),
(843, 'rafa', 'INICIANTE', 50, '2016-03-10 17:05:45'),
(844, 'ral', 'CIENTISTA', 20, '2016-03-10 17:11:10'),
(845, 'Edmundo', 'INICIANTE', 30, '2016-03-30 17:18:50'),
(846, 'Jackie', 'INICIANTE', 40, '2016-04-12 16:29:44'),
(847, 'L', 'CIENTISTA', 30, '2016-04-19 00:25:55'),
(848, 'LALA', 'INICIANTE', 30, '2016-04-19 12:07:59'),
(849, 'Fulanow Ditau', 'INICIANTE', 62, '2016-05-04 22:50:46'),
(850, 'htxhjf', 'CIENTISTA', 56, '2016-05-04 22:57:00'),
(851, 'teste', 'INICIANTE', 5, '2016-05-05 15:00:57'),
(852, 'jeandson', 'INICIANTE', 23, '2016-06-01 11:41:03'),
(853, 'Gustavo,O Ratinho', 'INICIANTE', 10, '2016-06-01 11:42:17'),
(854, 'Gabi a famosinha', 'INICIANTE', 55, '2016-06-01 11:43:12'),
(855, 'Nirton', 'INICIANTE', 50, '2016-06-01 11:44:14'),
(856, 'EvelyBru', 'INICIANTE', 16, '2016-06-01 11:44:26'),
(857, 'brigita', 'INICIANTE', 15, '2016-06-01 11:44:28'),
(858, 'GUTO GOSTOSINHO', 'INICIANTE', 49, '2016-06-01 11:45:32'),
(859, 'gciktxcut', 'CURIOSO', 50, '2016-06-01 11:45:41'),
(860, 'Brenda a origem', 'INICIANTE', 50, '2016-06-01 11:45:45'),
(861, 'Bismarck da silva', 'INICIANTE', 22, '2016-06-01 11:46:03'),
(862, 'Rodrigo', 'INICIANTE', 10, '2016-06-01 11:46:31'),
(863, 'Laura', 'INICIANTE', 12, '2016-06-01 11:47:15'),
(864, 'brigita', 'CURIOSO', 0, '2016-06-01 11:49:00'),
(865, 'carlos', 'INICIANTE', 35, '2016-06-01 11:49:18'),
(866, 'Milk Shake', 'CURIOSO', 40, '2016-06-01 11:49:22'),
(867, 'Rodrigo', 'INICIANTE', 25, '2016-06-01 11:51:16'),
(868, 'Nirton', 'INICIANTE', 70, '2016-06-01 11:51:32'),
(869, 'carlos', 'INICIANTE', 63, '2016-06-01 11:52:11'),
(870, 'Rodrigo', 'INICIANTE', 20, '2016-06-01 11:54:02'),
(871, 'xuxu', 'INICIANTE', 75, '2016-06-01 11:54:29'),
(872, 'Eu sou foda', 'CIENTISTA', 80, '2016-06-01 11:55:01'),
(873, 'Jennica', 'INICIANTE', 36, '2016-06-01 11:55:23'),
(874, 'EvelyBru', 'CURIOSO', 70, '2016-06-01 11:56:01'),
(875, 'Rebecão', 'CURIOSO', 23, '2016-06-01 11:56:03'),
(876, 'brigita', 'CIENTISTA', 10, '2016-06-01 11:56:37'),
(877, 'Nirton', 'INICIANTE', 80, '2016-06-01 11:56:57'),
(878, 'RATO', 'INICIANTE', 70, '2016-06-01 11:57:13'),
(879, 'RATO', 'INICIANTE', 70, '2016-06-01 11:57:13'),
(880, 'xisto', 'INICIANTE', 45, '2016-06-01 11:57:43'),
(881, 'GUTAO GOSTOSINHO', 'INICIANTE', 72, '2016-06-01 11:59:13'),
(882, 'Paloma', 'INICIANTE', 13, '2016-06-01 12:03:39'),
(883, 'dsesgdth', 'INICIANTE', 40, '2016-06-01 12:07:21'),
(884, 'gf', 'CURIOSO', 10, '2016-06-01 12:09:27'),
(885, '5 pessoas', 'INICIANTE', 68, '2016-06-01 13:05:34'),
(886, 'arvore de ibirapu', 'CIENTISTA', 0, '2016-06-01 13:06:23'),
(887, 'LOL', 'INICIANTE', 15, '2016-06-01 13:06:26'),
(888, 'zezindaema', 'INICIANTE', 55, '2016-06-01 13:06:37'),
(889, 'Paloma e Lainne', 'INICIANTE', 5, '2016-06-01 13:07:01'),
(890, 'gabriel ', 'INICIANTE', 25, '2016-06-01 13:07:35'),
(891, 'David Galvão', 'CIENTISTA', 30, '2016-06-01 13:08:21'),
(892, 'David Galvão', 'CIENTISTA', 30, '2016-06-01 13:08:32'),
(893, 'ravenna1', 'INICIANTE', 36, '2016-06-01 13:08:53'),
(894, 'Fernanda', 'INICIANTE', 35, '2016-06-01 13:08:58'),
(895, 'Gabriel', 'INICIANTE', 56, '2016-06-01 13:09:00'),
(896, 'Paloma e Lainne', 'INICIANTE', 40, '2016-06-01 13:09:19'),
(897, 'Pableus', 'INICIANTE', 60, '2016-06-01 13:09:51'),
(898, 'IBIRAPUERA', 'INICIANTE', 0, '2016-06-01 13:11:22'),
(899, 'Paulo H', 'INICIANTE', 50, '2016-06-01 13:12:05'),
(900, 'foca ', 'INICIANTE', 50, '2016-06-01 13:12:43'),
(901, 'Gabriel', 'INICIANTE', 68, '2016-06-01 13:12:53'),
(902, 'ravenna', 'INICIANTE', 22, '2016-06-01 13:13:08'),
(903, 'Paloma e Lainne', 'CURIOSO', 80, '2016-06-01 13:14:12'),
(904, 'Fernanda', 'INICIANTE', 40, '2016-06-01 13:15:43'),
(905, 'foca ', 'INICIANTE', 50, '2016-06-01 13:16:26'),
(906, 'Mathablo', 'CURIOSO', 60, '2016-06-01 13:17:07'),
(907, 'Gabriel', 'CURIOSO', 65, '2016-06-01 13:17:08'),
(908, 'ra1', 'INICIANTE', 60, '2016-06-01 13:17:29'),
(909, 'Thomas Augusto ', 'CIENTISTA', 28, '2016-06-01 13:18:03'),
(910, 'PLLD', 'INICIANTE', 18, '2016-06-01 13:19:22'),
(911, 'ZIKA VIRUS', 'INICIANTE', 80, '2016-06-01 13:20:25'),
(912, 'PLLD', 'INICIANTE', 10, '2016-06-01 13:20:32'),
(913, 'foca', 'INICIANTE', 44, '2016-06-01 13:21:07'),
(914, 'PLLD', 'INICIANTE', 30, '2016-06-01 13:22:28'),
(915, 'ravenna', 'CURIOSO', 40, '2016-06-01 13:23:00'),
(916, 'Thomas Augusto ', 'INICIANTE', 70, '2016-06-01 13:23:18'),
(917, 'FV', 'INICIANTE', 20, '2016-06-01 13:23:45'),
(918, 'Ablotheus', 'CURIOSO', 50, '2016-06-01 13:24:06'),
(919, 'ZIKA VIRUS', 'CURIOSO', 68, '2016-06-01 13:24:19'),
(920, 'PLLD', 'INICIANTE', 30, '2016-06-01 13:25:19'),
(921, 'foca ', 'INICIANTE', 61, '2016-06-01 13:25:24'),
(922, 'zezindaema', 'CIENTISTA', 70, '2016-06-01 13:25:42'),
(923, 'Guilherme e Paulo', 'INICIANTE', 80, '2016-06-01 13:29:35'),
(924, 'FV', 'INICIANTE', 80, '2016-06-01 13:29:39'),
(925, 'zezindaema', 'CIENTISTA', 28, '2016-06-01 13:29:52'),
(926, 'Thomas Augusto ', 'INICIANTE', 70, '2016-06-01 13:30:09'),
(927, 'ZIKA VIRUS', 'INICIANTE', 60, '2016-06-01 13:31:04'),
(928, 'GABRIEL E JUNIOR', 'INICIANTE', 80, '2016-06-01 13:33:16'),
(929, 'LUAN PAU NO CU', 'CIENTISTA', 60, '2016-06-01 13:34:06'),
(930, 'ohanna e paula', 'CIENTISTA', 40, '2016-06-01 13:34:49'),
(931, 'Thomas Augusto ', 'INICIANTE', 70, '2016-06-01 13:35:14'),
(932, 'ravenna', 'CIENTISTA', 40, '2016-06-01 13:35:27'),
(933, 'zezindaema', 'CIENTISTA', 48, '2016-06-01 13:36:00'),
(934, 'GABRIEL E JUNIOR', 'CURIOSO', 70, '2016-06-01 13:36:04'),
(935, 'GABRIEL E JUNIOR', 'CURIOSO', 65, '2016-06-01 13:37:46'),
(936, 'Angela', 'CURIOSO', 30, '2016-06-09 21:47:49'),
(937, 'Srta. Currie ', 'INICIANTE', 65, '2016-10-04 02:53:00'),
(938, 'Srta. Currie ', 'INICIANTE', 65, '2016-10-04 02:54:06'),
(939, 'Srta. Currie ', 'INICIANTE', 55, '2016-10-04 02:59:49'),
(940, 'Srta. Currie ', 'INICIANTE', 60, '2016-10-04 03:03:54'),
(941, 'isis', 'INICIANTE', 10, '2016-11-27 21:43:34'),
(942, 'Química', 'INICIANTE', 13, '2017-01-17 18:30:32'),
(943, 'Adriana Oliveira', 'INICIANTE', 21, '2017-03-18 14:32:52'),
(944, 'Daniela', 'INICIANTE', 53, '2017-03-24 02:24:54'),
(945, 'Dani', 'INICIANTE', 70, '2017-03-24 02:28:47'),
(946, 'Dani', 'INICIANTE', 70, '2017-03-24 02:31:48'),
(947, 'Dani', 'INICIANTE', 78, '2017-03-24 02:34:12'),
(948, 'Daniela', 'INICIANTE', 66, '2017-03-24 02:36:27'),
(949, 'Marlise', 'CIENTISTA', 5, '2017-06-27 02:42:32'),
(950, 'BIA', 'CIENTISTA', 20, '2017-07-03 17:56:29'),
(951, 'BIA', 'INICIANTE', 25, '2017-07-03 17:59:14'),
(952, 'ANY', 'INICIANTE', 19, '2017-08-05 01:31:33'),
(953, 'rafaela', 'CURIOSO', 10, '2017-09-06 02:38:37'),
(954, 'ANA', 'INICIANTE', 45, '2017-10-24 01:20:16'),
(955, 'ANA', 'INICIANTE', 15, '2017-10-24 01:22:56'),
(956, 'Daiana', 'INICIANTE', 52, '2018-03-18 13:37:36'),
(957, 'ju', 'INICIANTE', 55, '2018-04-13 15:33:03'),
(958, 'ronaldo', 'INICIANTE', 40, '2018-04-14 19:18:44'),
(959, 'juvenildo', 'INICIANTE', 30, '2018-04-14 19:22:33'),
(960, 'lol', 'INICIANTE', 50, '2018-04-14 19:25:07'),
(961, 'geek', 'INICIANTE', 35, '2018-04-14 19:27:37'),
(962, 'carolzinha', 'INICIANTE', 65, '2018-04-14 19:34:18'),
(963, 'zed', 'CIENTISTA', 25, '2018-04-14 19:40:20'),
(964, 'ççç', 'INICIANTE', 75, '2018-04-27 04:16:21'),
(965, 'nando', 'INICIANTE', 23, '2018-05-25 07:00:25'),
(966, 'Mateus', 'INICIANTE', 13, '2018-09-28 16:15:40');

/*!40101 SET CHARACTER_SET_CLIENT=@OLD_CHARACTER_SET_CLIENT */;
/*!40101 SET CHARACTER_SET_RESULTS=@OLD_CHARACTER_SET_RESULTS */;
/*!40101 SET COLLATION_CONNECTION=@OLD_COLLATION_CONNECTION */;